Number,Word,Status
1,split,In English today
2,bring,In English today
3,lives,In English today
4,taxes,In English today
5,often,In English today
6,photo,In English today
7,foirm,As gaeilge inniu
8,clark,In English today
9,peace,In English today
10,looks,In English today
11,there,In English today
12,ships,In English today
13,drunk,In English today
14,pobal,As gaeilge inniu
15,fight,In English today
16,proof,In English today
17,billy,In English today
18,board,In English today
19,giant,In English today
20,woods,In English today
21,ceart,As gaeilge inniu
22,swing,In English today
23,heart,In English today
24,stops,In English today
25,going,In English today
26,allow,In English today
27,quiet,In English today
28,focal,As gaeilge inniu
29,mercy,In English today
30,blood,In English today
31,trick,In English today
32,pilot,In English today
33,relax,In English today
34,china,In English today
35,uisce,As gaeilge inniu
36,small,In English today
37,means,In English today
38,after,In English today
39,round,In English today
40,table,In English today
41,nurse,In English today
42,cúram,As gaeilge inniu
43,young,In English today
44,crash,In English today
45,floor,In English today
46,squad,In English today
47,actor,In English today
48,dirty,In English today
49,luath,As gaeilge inniu
50,above,In English today
51,blows,In English today
52,radio,In English today
53,cheap,In English today
54,stage,In English today
55,magic,In English today
56,clann,As gaeilge inniu
57,films,In English today
58,india,In English today
59,toast,In English today
60,laugh,In English today
61,april,In English today
62,chest,In English today
63,uasal,As gaeilge inniu
64,bunch,In English today
65,quite,In English today
66,whose,In English today
67,fixed,In English today
68,miles,In English today
69,witch,In English today
70,anois,As gaeilge inniu
71,white,In English today
72,exist,In English today
73,blame,In English today
74,jesus,In English today
75,metal,In English today
76,based,In English today
77,bocht,As gaeilge inniu
78,teach,In English today
79,queen,In English today
80,parts,In English today
81,early,In English today
82,piece,In English today
83,cases,In English today
84,gearr,As gaeilge inniu
85,rooms,In English today
86,curse,In English today
87,chief,In English today
88,ghost,In English today
89,canal,In English today
90,bride,In English today
91,roinn,As gaeilge inniu
92,extra,In English today
93,built,In English today
94,place,In English today
95,paint,In English today
96,asked,In English today
97,orbit,In English today
98,sásta,As gaeilge inniu
99,hurts,In English today
100,twice,In English today
101,month,In English today
102,every,In English today
103,minds,In English today
104,demon,In English today
105,dream,As gaeilge inniu
106,super,In English today
107,meant,In English today
108,ought,In English today
109,grant,In English today
110,yours,In English today
111,enter,In English today
112,lacha,As gaeilge inniu
113,thief,In English today
114,climb,In English today
115,wound,In English today
116,knows,In English today
117,usher,In English today
118,about,In English today
119,anseo,As gaeilge inniu
120,acres,In English today
121,chick,In English today
122,terms,In English today
123,weird,In English today
124,march,In English today
125,third,In English today
126,eolas,As gaeilge inniu
127,trash,In English today
128,worry,In English today
129,leads,In English today
130,sight,In English today
131,mammy,In English today
132,grade,In English today
133,thart,As gaeilge inniu
134,owner,In English today
135,issue,In English today
136,touch,In English today
137,tells,In English today
138,agent,In English today
139,horse,In English today
140,dóigh,As gaeilge inniu
141,known,In English today
142,ocean,In English today
143,prove,In English today
144,dream,In English today
145,could,In English today
146,women,In English today
147,tráth,As gaeilge inniu
148,lower,In English today
149,point,In English today
150,devil,In English today
151,shake,In English today
152,truck,In English today
153,offer,In English today
154,tuill,As gaeilge inniu
155,files,In English today
156,helps,In English today
157,again,In English today
158,buddy,In English today
159,least,In English today
160,rugby,In English today
161,leath,As gaeilge inniu
162,fault,In English today
163,chips,In English today
164,doubt,In English today
165,chair,In English today
166,price,In English today
167,sound,In English today
168,leaba,As gaeilge inniu
169,wrote,In English today
170,naked,In English today
171,feels,In English today
172,idiot,In English today
173,usual,In English today
174,scoop,In English today
175,páirc,As gaeilge inniu
176,first,In English today
177,years,In English today
178,threw,In English today
179,truth,In English today
180,grave,In English today
181,talks,In English today
182,anuas,As gaeilge inniu
183,exact,In English today
184,prize,In English today
185,rogue,In English today
186,chain,In English today
187,below,In English today
188,penny,In English today
189,creid,As gaeilge inniu
190,trace,In English today
191,claim,In English today
192,guess,In English today
193,grand,In English today
194,write,In English today
195,blind,In English today
196,plean,As gaeilge inniu
197,stuck,In English today
198,loves,In English today
199,under,In English today
200,marry,In English today
201,seven,In English today
202,saved,In English today
203,crann,As gaeilge inniu
204,carry,In English today
205,stout,In English today
206,haven,In English today
207,craic,In English today
208,japan,In English today
209,euros,In English today
210,grúpa,As gaeilge inniu
211,enjoy,In English today
212,using,In English today
213,visit,In English today
214,aches,In English today
215,songs,In English today
216,games,In English today
217,éigin,As gaeilge inniu
218,press,In English today
219,image,In English today
220,throw,In English today
221,royal,In English today
222,balls,In English today
223,bravo,In English today
224,léann,As gaeilge inniu
225,music,In English today
226,eaten,In English today
227,dying,In English today
228,pills,In English today
229,makes,In English today
230,daddy,In English today
231,chomh,As gaeilge inniu
232,sugar,In English today
233,crown,In English today
234,comes,In English today
235,rings,In English today
236,plans,In English today
237,pizza,In English today
238,buail,As gaeilge inniu
239,power,In English today
240,thank,In English today
241,front,In English today
242,swash,In English today
243,speed,In English today
244,steps,In English today
245,cúpla,As gaeilge inniu
246,finds,In English today
247,snake,In English today
248,staff,In English today
249,whole,In English today
250,falls,In English today
251,theme,In English today
252,ceist,As gaeilge inniu
253,stock,In English today
254,wants,In English today
255,human,In English today
256,nasty,In English today
257,lines,In English today
258,tight,In English today
259,féile,As gaeilge inniu
260,worst,In English today
261,girls,In English today
262,began,In English today
263,model,In English today
264,words,In English today
265,start,In English today
266,cónaí,As gaeilge inniu
267,leave,In English today
268,world,In English today
269,wheel,In English today
270,broke,In English today
271,juice,In English today
272,tango,In English today
273,téigh,As gaeilge inniu
274,marks,In English today
275,alien,In English today
276,lunch,In English today
277,short,In English today
278,shoes,In English today
279,tired,In English today
280,duine,As gaeilge inniu
281,shirt,In English today
282,found,In English today
283,seems,In English today
284,tower,In English today
285,grown,In English today
286,river,In English today
287,cumas,As gaeilge inniu
288,hands,In English today
289,bread,In English today
290,shape,In English today
291,class,In English today
292,brain,In English today
293,FALSE,In English today
294,nuair,As gaeilge inniu
295,cross,In English today
296,weren,In English today
297,glory,In English today
298,total,In English today
299,style,In English today
300,fruit,In English today
301,siúil,As gaeilge inniu
302,other,In English today
303,freak,In English today
304,angry,In English today
305,range,In English today
306,apple,In English today
307,child,In English today
308,suigh,As gaeilge inniu
309,track,In English today
310,gonna,In English today
311,aside,In English today
312,crazy,In English today
313,faith,In English today
314,voice,In English today
315,ionad,As gaeilge inniu
316,tears,In English today
317,paper,In English today
318,smith,In English today
319,beast,In English today
320,avoid,In English today
321,candy,In English today
322,mórán,As gaeilge inniu
323,smell,In English today
324,share,In English today
325,close,In English today
326,serve,In English today
327,wrong,In English today
328,clean,In English today
329,caith,As gaeilge inniu
330,light,In English today
331,plane,In English today
332,sweet,In English today
333,raise,In English today
334,faces,In English today
335,funny,In English today
336,ansin,As gaeilge inniu
337,rocks,In English today
338,watch,In English today
339,calls,In English today
340,trial,In English today
341,where,In English today
342,green,In English today
343,áfach,As gaeilge inniu
344,clear,In English today
345,drugs,In English today
346,shock,In English today
347,chose,In English today
348,tummy,In English today
349,honor,In English today
350,abair,As gaeilge inniu
351,among,In English today
352,sighs,In English today
353,phone,In English today
354,swear,In English today
355,build,In English today
356,story,In English today
357,céile,As gaeilge inniu
358,learn,In English today
359,judge,In English today
360,cards,In English today
361,cares,In English today
362,spare,In English today
363,worse,In English today
364,Máire,As gaeilge inniu
365,stand,In English today
366,beach,In English today
367,stars,In English today
368,video,In English today
369,movie,In English today
370,right,In English today
371,fadhb,As gaeilge inniu
372,ahead,In English today
373,solve,In English today
374,heavy,In English today
375,stone,In English today
376,chase,In English today
377,brave,In English today
378,obair,As gaeilge inniu
379,jacks,In English today
380,ricky,In English today
381,alone,In English today
382,never,In English today
383,booze,In English today
384,penis,In English today
385,riamh,As gaeilge inniu
386,aware,In English today
387,train,In English today
388,count,In English today
389,storm,In English today
390,takes,In English today
391,hello,In English today
392,cloch,As gaeilge inniu
393,shots,In English today
394,madam,In English today
395,spell,In English today
396,saint,In English today
397,final,In English today
398,media,In English today
399,teach,As gaeilge inniu
400,moves,In English today
401,shoot,In English today
402,eight,In English today
403,hours,In English today
404,guard,In English today
405,woman,In English today
406,seans,As gaeilge inniu
407,earth,In English today
408,slept,In English today
409,crime,In English today
410,pints,In English today
411,color,In English today
412,noise,In English today
413,oifig,As gaeilge inniu
414,stood,In English today
415,admit,In English today
416,legal,In English today
417,order,In English today
418,three,In English today
419,court,In English today
420,measc,As gaeilge inniu
421,hated,In English today
422,older,In English today
423,fresh,In English today
424,since,In English today
425,local,In English today
426,alive,In English today
427,scéal,As gaeilge inniu
428,clock,In English today
429,along,In English today
430,hates,In English today
431,agree,In English today
432,major,In English today
433,field,In English today
434,cúirt,As gaeilge inniu
435,match,In English today
436,store,In English today
437,birth,In English today
438,spuds,In English today
439,shows,In English today
440,flesh,In English today
441,toisc,As gaeilge inniu
442,trees,In English today
443,smart,In English today
444,proud,In English today
445,being,In English today
446,taste,In English today
447,empty,In English today
448,doras,As gaeilge inniu
449,drove,In English today
450,gives,In English today
451,teeth,In English today
452,cause,In English today
453,chuck,In English today
454,walls,In English today
455,lucht,As gaeilge inniu
456,their,In English today
457,merry,In English today
458,money,In English today
459,space,In English today
460,tried,In English today
461,viper,In English today
462,geall,As gaeilge inniu
463,mouth,In English today
464,south,In English today
465,value,In English today
466,moved,In English today
467,shark,In English today
468,piano,In English today
469,caint,As gaeilge inniu
470,notes,In English today
471,gasps,In English today
472,check,In English today
473,foxes,In English today
474,coach,In English today
475,ended,In English today
476,breis,As gaeilge inniu
477,coast,In English today
478,heads,In English today
479,waste,In English today
480,apart,In English today
481,score,In English today
482,loose,In English today
483,minic,As gaeilge inniu
484,shall,In English today
485,fired,In English today
486,fluke,In English today
487,later,In English today
488,group,In English today
489,virgo,In English today
490,úsáid,As gaeilge inniu
491,water,In English today
492,great,In English today
493,screw,In English today
494,quick,In English today
495,stuff,In English today
496,waltz,In English today
497,conas,As gaeilge inniu
498,zebra,In English today
499,shame,In English today
500,cocky,In English today
501,break,In English today
502,youth,In English today
503,comic,In English today
504,scéim,As gaeilge inniu
505,smile,In English today
506,begin,In English today
507,happy,In English today
508,doing,In English today
509,north,In English today
510,bones,In English today
511,chuig,As gaeilge inniu
512,likes,In English today
513,molly,In English today
514,plate,In English today
515,bleep,In English today
516,ready,In English today
517,these,In English today
518,maith,As gaeilge inniu
519,guest,In English today
520,given,In English today
521,loser,In English today
522,alarm,In English today
523,trade,In English today
524,hurry,In English today
525,faigh,As gaeilge inniu
526,might,In English today
527,pride,In English today
528,sense,In English today
529,anger,In English today
530,creep,In English today
531,awake,In English today
532,sráid,As gaeilge inniu
533,solid,In English today
534,until,In English today
535,doors,In English today
536,bored,In English today
537,route,In English today
538,while,In English today
539,cúrsa,As gaeilge inniu
540,blake,In English today
541,union,In English today
542,manky,In English today
543,fancy,In English today
544,books,In English today
545,dress,In English today
546,amach,As gaeilge inniu
547,stick,In English today
548,works,In English today
549,study,In English today
550,named,In English today
551,scary,In English today
552,mixed,In English today
553,córas,As gaeilge inniu
554,glass,In English today
555,plant,In English today
556,drink,In English today
557,spoke,In English today
558,enemy,In English today
559,mayor,In English today
560,scoil,As gaeilge inniu
561,times,In English today
562,grace,In English today
563,awful,In English today
564,heard,In English today
565,bless,In English today
566,liked,In English today
567,roimh,As gaeilge inniu
568,tayto,In English today
569,pants,In English today
570,state,In English today
571,thing,In English today
572,think,In English today
573,sword,In English today
574,oíche,As gaeilge inniu
575,still,In English today
576,facts,In English today
577,stole,In English today
578,alert,In English today
579,cream,In English today
580,speak,In English today
581,baile,As gaeilge inniu
582,harry,In English today
583,crack,In English today
584,large,In English today
585,death,In English today
586,angel,In English today
587,knock,In English today
588,taobh,As gaeilge inniu
589,taken,In English today
590,scare,In English today
591,night,In English today
592,opens,In English today
593,tests,In English today
594,panic,In English today
595,ábhar,As gaeilge inniu
596,steal,In English today
597,needs,In English today
598,emily,In English today
599,drive,In English today
600,ideas,In English today
601,unite,In English today
602,stair,As gaeilge inniu
603,birds,In English today
604,paris,In English today
605,dozen,In English today
606,larry,In English today
607,worth,In English today
608,trust,In English today
609,clois,As gaeilge inniu
610,wings,In English today
611,hired,In English today
612,treat,In English today
613,spent,In English today
614,robin,In English today
615,shift,In English today
616,inniu,As gaeilge inniu
617,quare,In English today
618,tiger,In English today
619,event,In English today
620,tough,In English today
621,focus,In English today
622,block,In English today
623,páirt,As gaeilge inniu
624,lover,In English today
625,sorry,In English today
626,eejit,In English today
627,wanna,In English today
628,weeks,In English today
629,lying,In English today
630,caill,As gaeilge inniu
631,kinds,In English today
632,favor,In English today
633,beeps,In English today
634,truly,In English today
635,whore,In English today
636,chain,In English today
637,athrú,As gaeilge inniu
638,would,In English today
639,house,In English today
640,spend,In English today
641,smoke,In English today
642,armed,In English today
643,force,In English today
644,thiar,As gaeilge inniu
645,rough,In English today
646,sucks,In English today
647,reach,In English today
648,folks,In English today
649,names,In English today
650,catch,In English today
651,féach,As gaeilge inniu
652,lived,In English today
653,knife,In English today
654,party,In English today
655,which,In English today
656,badly,In English today
657,frank,In English today
658,ceann,As gaeilge inniu
659,sharp,In English today
660,scene,In English today
661,hotel,In English today
662,cover,In English today
663,ghoul,In English today
664,tires,In English today
665,gaoth,As gaeilge inniu
666,signs,In English today
667,loved,In English today
668,brown,In English today
669,santa,In English today
670,rules,In English today
671,upset,In English today
672,imigh,As gaeilge inniu
673,black,In English today
674,those,In English today
675,plays,In English today
676,honey,In English today
677,today,In English today
678,silly,In English today
679,rogha,As gaeilge inniu
680,punch,In English today
681,bally,In English today
682,prime,In English today
683,turns,In English today
684,lucky,In English today
685,sleep,In English today
686,solas,As gaeilge inniu
687,covid,In English today
688,gammy,In English today
689,dance,In English today
690,fully,In English today
691,level,In English today
692,knees,In English today
693,litir,As gaeilge inniu
694,maybe,In English today
695,crowd,In English today
696,uncle,In English today
697,civic,In English today
698,keeps,In English today
699,bucks,In English today
700,leith,As gaeilge inniu